,iri,count
0,<http://dbpedia.org/resource/roman_urdu>,1
1,<http://dbpedia.org/resource/cognitive_linguistics>,1
2,<http://dbpedia.org/resource/typed_lambda_calculus>,1
3,<http://dbpedia.org/resource/gnu_lesser_general_public_license>,1
4,<http://dbpedia.org/resource/weak_generative_capacity>,1
5,<http://dbpedia.org/resource/airbag>,1
6,<http://www.w3.org/2002/07/owl#sameas>,263
7,<http://dati.camera.it/ocd/aic.rdf/aic4_16440_8>,1
8,<http://dbpedia.org/resource/multilevel_model>,1
9,<http://dbpedia.org/resource/stationary_distribution>,1
10,<http://dbpedia.org/resource/access_network>,1
11,<http://dati.camera.it/ocd/aic.rdf/aic4_17772_8>,1
12,<http://dati.camera.it/ocd/aic.rdf/aic4_18956_8>,1
13,<http://dbpedia.org/resource/romanization_of_chinese>,1
14,<http://dbpedia.org/resource/rockefeller_foundation>,1
15,<http://dbpedia.org/resource/computable_function>,1
16,<http://dbpedia.org/resource/deterministic_system>,1
17,<http://dbpedia.org/resource/syntagma_(linguistics)>,1
18,<http://lod.xdams.org/reload/oad/event/p04625>,1
19,<http://dbpedia.org/resource/cutting-plane_method>,1
20,<http://dati.camera.it/ocd/aic.rdf/aic5_00613_12>,1
21,<http://dati.camera.it/ocd/aic.rdf/aic2_02007_13>,1
22,<http://dati.camera.it/ocd/aic.rdf/aic4_30617_10>,1
23,<http://dati.camera.it/ocd/aic.rdf/aic4_19250_8>,1
24,<http://dati.camera.it/ocd/aic.rdf/aic4_19810_8>,1
25,<http://dati.camera.it/ocd/aic.rdf/aic9_3630_004_8>,1
26,<http://dbpedia.org/resource/science_news>,1
27,<http://dati.camera.it/ocd/aic.rdf/aic4_12806_14>,1
28,<http://dati.camera.it/ocd/seduta.rdf/s01_1548>,1
29,<http://dati.camera.it/ocd/aic.rdf/aic4_16536_11>,1
30,<http://dati.camera.it/ocd/deputato.rdf/dr1760_23>,1
31,<http://dbpedia.org/resource/data_entry>,1
32,<http://dati.camera.it/ocd/dibattito.rdf/scheda_tit_185_idvol1232>,1
33,<http://dati.camera.it/ocd/aic.rdf/aic4_19965_8>,1
34,<http://dati.camera.it/ocd/aic.rdf/aic4_09403_9>,1
35,<http://dati.camera.it/ocd/aic.rdf/aic5_00652_8>,1
36,<http://dati.camera.it/ocd/aic.rdf/aic5_00058_8>,1
37,<http://dbpedia.org/resource/default_rule>,1
38,<http://dati.camera.it/ocd/aic.rdf/aic5_02313_8>,1
39,<http://dati.camera.it/ocd/aic.rdf/aic5_01808_8>,1
40,<http://dati.camera.it/ocd/aic.rdf/aic5_03347_8>,1
41,<http://dbpedia.org/resource/database>,1
42,<http://dbpedia.org/resource/san_francisco>,1
43,<http://dati.camera.it/ocd/attocamera.rdf/ac11_3716>,1
44,<http://dati.camera.it/ocd/voto.rdf/vd17_040_001_302786>,1
45,<http://dati.camera.it/ocd/aic.rdf/aic9_1964_001_8>,1
46,<http://dbpedia.org/resource/resource_management>,1
47,<http://dbpedia.org/resource/video_clip>,1
48,<http://dati.camera.it/ocd/intervento.rdf/in16_87148>,1
49,<http://dati.camera.it/ocd/intervento.rdf/in16_87106>,1
50,<http://dbpedia.org/resource/np-complete>,1
51,<http://dbpedia.org/resource/false_alarm>,1
52,<http://dati.camera.it/ocd/intervento.rdf/in16_8922>,1
53,<http://lod.xdams.org/reload/oad/event/s10851>,1
54,<http://dbpedia.org/resource/kevin_knight>,1
55,<http://dbpedia.org/resource/network_interface_controller>,1
56,<http://dati.camera.it/ocd/intervento.rdf/in16_9034>,1
57,<http://dati.camera.it/ocd/intervento.rdf/in16_9031>,1
58,<http://dbpedia.org/resource/international_system_of_units>,1
59,<http://dbpedia.org/resource/country_code>,1
60,<http://dbpedia.org/resource/singles_day>,1
61,<http://dbpedia.org/resource/one_power>,1
62,<http://dati.camera.it/ocd/intervento.rdf/in16_91579>,1
63,<http://dati.camera.it/ocd/intervento.rdf/in16_91564>,1
64,<http://dbpedia.org/resource/m-estimator>,1
65,<http://dbpedia.org/resource/thermonuclear_weapon>,1
66,<http://dati.camera.it/ocd/intervento.rdf/in16_9343>,1
67,<http://dati.camera.it/ocd/attocamera.rdf/ac01_3290>,1
68,<http://dbpedia.org/resource/educational_stage>,1
69,<http://dati.camera.it/ocd/intervento.rdf/in16_91397>,1
70,<http://dati.camera.it/ocd/attocamera.rdf/ac03_3049>,1
71,<http://dbpedia.org/resource/problem_book>,1
72,<http://dati.camera.it/ocd/intervento.rdf/in16_9645>,1
73,<http://dbpedia.org/resource/german_verbs>,1
74,<http://dati.camera.it/ocd/intervento.rdf/in16_9786>,1
75,<http://dati.camera.it/ocd/aic.rdf/aic4_02709_7>,1
76,<http://dati.camera.it/ocd/intervento.rdf/in16_9871>,1
77,<http://dati.camera.it/ocd/intervento.rdf/in16_9905>,1
78,<http://dati.camera.it/ocd/aic.rdf/aic4_23253_10>,1
79,<http://dati.camera.it/ocd/discussione.rdf/disiddib38231_16>,1
80,<http://dati.camera.it/ocd/discussione.rdf/disiddib42586_16>,1
81,<http://dati.camera.it/ocd/legge.rdf/l1985_77>,1
82,<http://dati.camera.it/ocd/legge.rdf/l1950_78>,1
83,<http://dati.camera.it/ocd/attocamera.rdf/ac15_195>,1
84,<http://dati.camera.it/ocd/allegatodiscussione.rdf/all16_6638>,1
85,<http://dati.camera.it/ocd/attocamera.rdf/cd0000008240>,1
86,<http://dati.camera.it/ocd/persona.rdf/p50301>,1
87,<http://dati.camera.it/ocd/seduta.rdf/s04_8711>,1
88,<http://lod.xdams.org/reload/oad/event/d07653>,1
89,<http://dati.camera.it/ocd/seduta.rdf/s03_7298>,1
90,<http://lod.xdams.org/reload/oad/event/i00634>,1
91,<http://dati.camera.it/ocd/deputato.rdf/dr1491_13>,1
92,<http://dbpedia.org/resource/webgraph>,1
93,<http://lod.xdams.org/reload/oad/event/p03436>,1
94,<http://dati.camera.it/ocd/dibattito.rdf/iddib3986>,1
95,<http://dati.camera.it/ocd/aic.rdf/aic5_02073_14>,1
96,<http://dati.camera.it/ocd/attocamera.rdf/ac02_1833>,1
97,<http://lod.xdams.org/reload/oad/event/p10860>,1
98,<http://dbpedia.org/resource/dependent_clause>,1
99,<http://dati.camera.it/ocd/seduta.rdf/s07_14029>,1
100,<http://dati.camera.it/ocd/aic.rdf/aic4_06602_14>,1
101,<http://dati.camera.it/ocd/aic.rdf/aic5_01798_16>,1
102,<http://lod.xdams.org/reload/oad/event/l01104>,1
103,<http://dbpedia.org/resource/test_card>,1
104,<http://dbpedia.org/resource/sentence_function>,1
105,<http://dati.camera.it/ocd/attocamera.rdf/ac10_4210>,1
106,<http://dati.camera.it/ocd/aic.rdf/aic5_00057_8>,1
107,<http://dbpedia.org/resource/eugene_charniak>,1
108,<http://lod.xdams.org/reload/oad/event/m14069>,1
109,<http://dati.camera.it/ocd/pathskos:changenote/attocamera.rdf/ac16_3867>,1
110,<http://lod.xdams.org/reload/oad/event/s08965>,1
111,<http://lod.xdams.org/reload/oad/event/g11350>,1
112,<http://dati.camera.it/ocd/pathocd:membro/deputato.rdf/d302773_17>,1
113,<http://dati.camera.it/ocd/aic.rdf/aic4_00191_7>,1
114,<http://lod.xdams.org/reload/oad/event/o00214>,1
115,<http://dati.camera.it/ocd/aic.rdf/aic4_12443_14>,1
116,<http://dbpedia.org/resource/stack_search>,1
117,<http://dbpedia.org/resource/micros_systems>,1
118,<http://dati.camera.it/ocd/aic.rdf/aic3_03156_8>,1
119,<http://dati.camera.it/ocd/persona.rdf/pr3949>,1
120,<http://dbpedia.org/resource/model_(profession)>,1
121,<http://lod.xdams.org/reload/oad/event/z02628>,1
122,<http://dati.camera.it/ocd/doc.rdf/doc05_ivn42>,1
123,<http://lod.xdams.org/reload/oad/event/t04611>,1
124,<http://dati.camera.it/ocd/seduta.rdf/src092>,1
125,<http://dati.camera.it/ocd/legge.rdf/l1984_9>,1
126,<http://dbpedia.org/resource/alignment_(dungeons_&amp;_dragons)>,1
127,<http://dbpedia.org/resource/visual_word>,1
128,<http://dati.camera.it/ocd/intervento.rdf/in16_3777>,1
129,<http://dati.camera.it/ocd/intervento.rdf/in16_384>,1
130,<http://lod.xdams.org/reload/oad/event/s07811>,1
131,<http://dati.camera.it/ocd/aic.rdf/aic2_00949_16>,1
132,<http://dati.camera.it/ocd/attocamera.rdf/ac16_5110>,1
133,<http://dbpedia.org/resource/context_free>,1
134,<http://dbpedia.org/resource/french_language>,1
135,<http://dbpedia.org/resource/eastern_europe>,1
136,<http://dbpedia.org/resource/closed_form>,1
137,<http://dbpedia.org/resource/lillian_lee>,1
138,<http://dbpedia.org/resource/frame_rate>,1
139,<http://dbpedia.org/resource/choice_modelling>,1
140,<http://dbpedia.org/resource/philipp_koehn>,1
141,<http://dati.camera.it/ocd/deputato.rdf/dr10685_28>,1
142,<http://dati.camera.it/ocd/intervento.rdf/in16_414>,1
143,<http://dbpedia.org/resource/information_foraging>,1
144,<http://dbpedia.org/resource/logic_programming>,1
145,<http://dbpedia.org/resource/class_variable>,1
146,<http://dbpedia.org/resource/markov_random_field>,1
147,<http://lod.xdams.org/reload/oad/event/m11445>,1
148,<http://dati.camera.it/ocd/intervento.rdf/in16_4331>,1
149,<http://dbpedia.org/resource/representational_systems_(nlp)>,1
150,<http://dbpedia.org/resource/element_name>,1
151,<http://dbpedia.org/resource/dbpedia>,5
152,<http://dbpedia.org/resource/beam_diameter>,1
153,<http://dbpedia.org/resource/vending_machine>,1
154,<http://dbpedia.org/resource/arg_max>,1
155,<http://dbpedia.org/resource/linear_combination>,1
156,<http://dbpedia.org/resource/phonetic_alphabet>,1
157,<http://dbpedia.org/resource/simultaneous_equations>,1
158,<http://dati.camera.it/ocd/seduta.rdf/src122>,1
159,<http://dbpedia.org/resource/filler_(linguistics)>,1
160,<http://dbpedia.org/resource/mann–whitney_u>,1
161,<http://dbpedia.org/resource/tree_structure>,1
162,<http://dbpedia.org/resource/discriminant_function_analysis>,1
163,<http://lod.xdams.org/reload/oad/event/p06787>,1
164,<http://dbpedia.org/resource/hypertext_transfer_protocol>,1
165,<http://dbpedia.org/resource/academy_of_sciences>,1
166,<http://lod.xdams.org/reload/oad/event/m00156>,1
167,<http://dbpedia.org/resource/virtual_agent>,1
168,<http://dbpedia.org/resource/stochastic_optimization>,1
169,<http://lod.xdams.org/reload/oad/event/d08380>,1
170,<http://dbpedia.org/resource/free_parameter>,1
171,<http://lod.xdams.org/reload/oad/event/m02016>,1
172,<http://dbpedia.org/resource/address_space>,1
173,<http://dbpedia.org/resource/automatic_identification_and_data_capture>,1
174,<http://dbpedia.org/resource/circular_definition>,1
175,<http://dati.camera.it/ocd/persona.rdf/pr2018>,1
176,<http://lod.xdams.org/reload/oad/event/c05465>,1
177,<http://dbpedia.org/resource/isaac_i_komnenos>,1
178,<http://dati.camera.it/ocd/persona.rdf/pr3463>,1
179,<http://lod.xdams.org/reload/oad/event/d00426>,1
180,<http://dbpedia.org/resource/flory–huggins_solution_theory>,1
181,<http://lod.xdams.org/reload/oad/event/d02770>,1
182,<http://dbpedia.org/resource/user_assistance>,1
183,<http://dbpedia.org/resource/applied_ontology>,1
184,<http://lod.xdams.org/reload/oad/event/i00144>,1
185,<http://dbpedia.org/resource/call_completion>,1
186,<http://dbpedia.org/resource/deterministic_algorithm>,1
187,<http://dbpedia.org/resource/reusability>,1
188,<http://dbpedia.org/resource/stylometry>,1
189,<http://dbpedia.org/resource/low_frequency>,1
190,<http://dbpedia.org/resource/semantic_role_labeling>,1
191,<http://dati.camera.it/ocd/seduta.rdf/s15_084>,1
192,<http://lod.xdams.org/reload/oad/event/m08744>,1
193,<http://dbpedia.org/resource/glossary>,1
194,<http://dbpedia.org/resource/teacher_education>,1
195,<http://dbpedia.org/resource/dimensionality_reduction>,1
196,<http://dati.camera.it/ocd/persona.rdf/pr4801>,1
197,<http://dbpedia.org/resource/error_bar>,1
198,<http://dbpedia.org/resource/light_verb>,1
199,<http://lod.xdams.org/reload/oad/event/p07854>,1
200,<http://dati.camera.it/ocd/organo.rdf/o6_1072>,1
201,<http://dati.camera.it/ocd/persona.rdf/p20420>,1
202,<http://lod.xdams.org/reload/oad/event/o00432>,1
203,<http://dbpedia.org/resource/wuhan_university>,1
204,<http://lod.xdams.org/reload/oad/event/n02363>,1
205,<http://dbpedia.org/resource/document_clustering>,1
206,<http://dbpedia.org/resource/generative_semantics>,1
207,<http://dati.camera.it/ocd/persona.rdf/p20870>,1
208,<http://dbpedia.org/resource/conceptual_framework>,1
209,<http://dbpedia.org/resource/graph_(mathematics)>,1
210,<http://dbpedia.org/resource/cluster_computing>,1
211,<http://lod.xdams.org/reload/oad/event/s06447>,1
212,<http://dbpedia.org/resource/computer_hardware>,1
213,<http://dbpedia.org/resource/legacy_system>,1
214,<http://dbpedia.org/resource/organizational_structure>,1
215,<http://dbpedia.org/resource/quantum_number>,1
216,<http://dbpedia.org/resource/principle>,1
217,<http://lod.xdams.org/reload/oad/event/v00780>,1
218,<http://dbpedia.org/resource/wason_selection_task>,1
219,<http://dati.camera.it/ocd/seduta.rdf/sr05045>,1
220,<http://dbpedia.org/resource/errors_and_residuals_in_statistics>,1
221,<http://dbpedia.org/resource/jena_(framework)>,1
222,<http://dbpedia.org/resource/weighted_voting>,1
223,<http://dbpedia.org/resource/blackboard_system>,1
224,<http://dbpedia.org/resource/back-end_database>,1
225,<http://dbpedia.org/resource/data_conversion>,1
226,<http://lod.xdams.org/reload/oad/event/g03663>,1
227,<http://lod.xdams.org/reload/oad/event/f02962>,1
228,<http://dati.camera.it/ocd/seduta.rdf/sr22404>,1
229,<http://lod.xdams.org/reload/oad/event/b12080>,1
230,<http://dbpedia.org/resource/longitudinal_study>,1
231,<http://lod.xdams.org/reload/oad/event/c01976>,1
232,<http://lod.xdams.org/reload/oad/event/f07809>,1
233,<http://dbpedia.org/resource/discrete_mathematics>,1
234,<http://lod.xdams.org/reload/oad/event/m11245>,1
235,<http://dbpedia.org/resource/mathematical_morphology>,1
236,<http://dbpedia.org/resource/dutch_grammar>,1
237,<http://dbpedia.org/resource/advertising_research>,1
238,<http://dbpedia.org/resource/argumentation_framework>,1
239,<http://lod.xdams.org/reload/oad/event/s08620>,1
240,<http://dati.camera.it/ocd/persona.rdf/pr142>,1
241,<http://lod.xdams.org/reload/oad/event/l01409>,1
242,<http://lod.xdams.org/reload/oad/event/g04481>,1
243,<http://dbpedia.org/resource/response_time>,1
244,<http://dati.camera.it/ocd/seduta.rdf/sr22504>,1
245,<http://dbpedia.org/resource/acoustic_space>,1
246,<http://lod.xdams.org/reload/oad/event/g11284>,1
247,<http://lod.xdams.org/reload/oad/event/g08562>,1
248,<http://lod.xdams.org/reload/oad/event/s07425>,1
249,<http://lod.xdams.org/reload/oad/event/b10571>,1
250,<http://lod.xdams.org/reload/oad/event/g05353>,1
251,<http://lod.xdams.org/reload/oad/event/m15675>,1
252,<http://lod.xdams.org/reload/oad/event/d02162>,1
253,<http://lod.xdams.org/reload/oad/event/c16858>,1
254,<http://lod.xdams.org/reload/oad/event/r07891>,1
255,<http://dbpedia.org/resource/response_surface_methodology>,1
256,<http://lod.xdams.org/reload/oad/event/g00010>,1
257,<http://dati.camera.it/ocd/senatore.rdf/sr866>,1
258,<http://lod.xdams.org/reload/oad/event/r07597>,1
259,<http://dbpedia.org/resource/transfer_of_learning>,1
260,<http://lod.xdams.org/reload/oad/event/r07635>,1
261,<http://lod.xdams.org/reload/oad/event/p12269>,1
262,<http://dbpedia.org/resource/association_value>,1
263,<http://dbpedia.org/resource/social_phenomenon>,1
264,<http://lod.xdams.org/reload/oad/event/d06651>,1
265,<http://lod.xdams.org/reload/oad/event/m00585>,1
266,<http://lod.xdams.org/reload/oad/event/c13119>,1
267,<http://dati.camera.it/ocd/organo.rdf/o14_573>,1
268,<http://dbpedia.org/resource/phonemic_orthography>,1
269,<http://dati.camera.it/ocd/organo.rdf/o14_524>,1
270,<http://lod.xdams.org/reload/oad/event/a01701>,1
271,<http://dbpedia.org/resource/constraint_(mathematics)>,1
272,<http://lod.xdams.org/reload/oad/event/m01140>,1
273,<http://dbpedia.org/resource/cognition>,1
274,<http://dbpedia.org/resource/software_suite>,1
275,<http://dbpedia.org/resource/expressive_power>,1
276,<http://dbpedia.org/resource/edge_cover>,1
277,<http://lod.xdams.org/reload/oad/event/f01051>,1
278,<http://dbpedia.org/resource/lazy_learning>,1
279,<http://dati.camera.it/ocd/assemblea.rdf/ar01>,1
280,<http://lod.xdams.org/reload/oad/event/g01455>,1
281,<http://lod.xdams.org/reload/oad/event/t06001>,1
282,<http://lod.xdams.org/reload/oad/event/e00519>,1
283,<http://dbpedia.org/resource/temperature_control>,1
284,<http://lod.xdams.org/reload/oad/event/t02171>,1
285,<http://dbpedia.org/resource/linear_model>,1
286,<http://dati.camera.it/ocd/seduta.rdf/sr10424>,1
287,<http://dbpedia.org/resource/german_sentence_structure>,1
288,<http://dbpedia.org/resource/core_knowledge>,1
289,<http://dbpedia.org/resource/vital_information>,1
290,<http://dbpedia.org/resource/program_manager>,1
291,<http://lod.xdams.org/reload/oad/event/d07340>,1
292,<http://dbpedia.org/resource/miscellaneous_class>,1
293,<http://dbpedia.org/resource/echo_state_network>,1
294,<http://lod.xdams.org/reload/oad/event/v00689>,1
295,<http://dati.camera.it/ocd/persona.rdf/p37230>,1
296,<http://lod.xdams.org/reload/oad/event/t05841>,1
297,<http://dati.camera.it/ocd/seduta.rdf/s14_245>,1
298,<http://lod.xdams.org/reload/oad/event/s00353>,1
299,<http://lod.xdams.org/reload/oad/event/c01039>,1
300,<http://lod.xdams.org/reload/oad/event/m01631>,1
301,<http://lod.xdams.org/reload/oad/event/d03884>,1
302,<http://dbpedia.org/resource/construction>,1
303,<http://lod.xdams.org/reload/oad/event/g03518>,1
304,<http://lod.xdams.org/reload/oad/event/l05453>,1
305,<http://dbpedia.org/resource/short_time_(film)>,2
306,<http://dbpedia.org/resource/laboratory_phonology>,1
307,<http://lod.xdams.org/reload/oad/event/g02747>,1
308,<http://dbpedia.org/resource/consensus_dynamics>,1
309,<http://dbpedia.org/resource/full_text_database>,1
310,<http://dbpedia.org/resource/causal_model>,1
311,<http://dbpedia.org/resource/consumer_electronics>,1
312,<http://dbpedia.org/resource/graph_(abstract_data_type)>,1
313,<http://dati.camera.it/ocd/persona.rdf/p16540>,1
314,<http://dbpedia.org/resource/deutsche_forschungsgemeinschaft>,1
315,<http://dbpedia.org/resource/higher-order_logic>,1
316,<http://dbpedia.org/resource/distributional_semantics>,1
317,<http://dbpedia.org/resource/arab_world>,1
318,<http://dbpedia.org/resource/universal_design>,1
319,<http://lod.xdams.org/reload/oad/event/c11000>,1
320,<http://dbpedia.org/resource/probability_density_function>,1
321,<http://dati.camera.it/ocd/persona.rdf/pr9114>,1
322,<http://lod.xdams.org/reload/oad/event/f08547>,1
323,<http://dbpedia.org/resource/emotional_expression>,1
324,<http://lod.xdams.org/reload/oad/event/b16622>,1
325,<http://dbpedia.org/resource/adaptive_learning>,1
326,<http://dati.camera.it/ocd/seduta.rdf/src063>,1
327,<http://dbpedia.org/resource/boost>,1
328,<http://dbpedia.org/resource/compiler_construction>,1
329,<http://dbpedia.org/resource/cyc>,1
330,<http://dbpedia.org/resource/bit_array>,1
331,<http://dbpedia.org/resource/gordian_iii>,1
332,<http://dati.camera.it/ocd/organo.rdf/o3_836>,1
333,<http://lod.xdams.org/reload/oad/event/s00228>,1
334,<http://dati.camera.it/ocd/organo.rdf/o2_782>,1
335,<http://lod.xdams.org/reload/oad/event/s01416>,1
336,<http://lod.xdams.org/reload/oad/event/l04289>,1
337,<http://dbpedia.org/resource/rome_laboratory>,1
338,<http://lod.xdams.org/reload/oad/event/b11116>,1
339,<http://lod.xdams.org/reload/oad/event/c02887>,1
340,<http://dbpedia.org/resource/holm–bonferroni_method>,1
341,<http://lod.xdams.org/reload/oad/event/d05859>,1
342,<http://dbpedia.org/resource/gradient_descent>,1
343,<http://dbpedia.org/resource/numerical_analysis>,1
344,<http://dbpedia.org/resource/bilingual_sign>,1
345,<http://dbpedia.org/resource/dataflow>,1
346,<http://lod.xdams.org/reload/oad/event/s06403>,1
347,<http://dbpedia.org/resource/spamdexing>,1
348,<http://dbpedia.org/resource/nude_model>,1
349,<http://dbpedia.org/resource/cartesian_coordinate_system>,1
350,<http://dbpedia.org/resource/default_logic>,2
351,<http://dbpedia.org/resource/san_francisco_bay_area>,1
352,<http://dbpedia.org/resource/lincoln_laboratory>,1
353,<http://dbpedia.org/resource/true_value>,1
354,<http://dati.camera.it/ocd/persona.rdf/pr3703>,1
355,<http://dbpedia.org/resource/joint_attention>,1
356,<http://dbpedia.org/resource/empirical_research>,1
357,<http://dbpedia.org/resource/explicit_and_implicit_methods>,1
358,<http://dbpedia.org/resource/boundary_marker>,1
359,<http://dbpedia.org/resource/example-based_machine_translation>,2
360,<http://dati.camera.it/ocd/seduta.rdf/s14_554>,1
361,<http://dati.camera.it/ocd/persona.rdf/p35060>,1
362,<http://lod.xdams.org/reload/oad/event/m04747>,1
363,<http://dbpedia.org/resource/belief_propagation>,2
364,<http://lod.xdams.org/reload/oad/event/b19764>,1
365,<http://dati.camera.it/ocd/organo.rdf/o0_646>,1
366,<http://dbpedia.org/resource/bell_system_technical_journal>,1
367,<http://dbpedia.org/resource/geographic_information_science>,1
368,<http://dati.camera.it/ocd/seduta.rdf/s17_74>,1
369,<http://lod.xdams.org/reload/oad/event/p00589>,1
370,<http://lod.xdams.org/reload/oad/event/r01683>,1
371,<http://lod.xdams.org/reload/oad/event/t01665>,1
372,<http://lod.xdams.org/reload/oad/event/c01424>,1
373,<http://lod.xdams.org/reload/oad/event/i00478>,1
374,<http://lod.xdams.org/reload/oad/event/m10660>,1
375,<http://dati.camera.it/ocd/persona.rdf/p9120>,1
376,<http://lod.xdams.org/reload/oad/event/b12950>,1
377,<http://dbpedia.org/resource/integer_programming>,1
378,<http://dbpedia.org/resource/japanese_grammar>,1
379,<http://dbpedia.org/resource/lexical_semantics>,1
380,<http://dbpedia.org/resource/linear_search>,1
381,<http://dbpedia.org/resource/constraint_graph>,1
382,<http://dati.camera.it/ocd/seduta.rdf/s13_251>,1
383,<http://lod.xdams.org/reload/oad/event/s06933>,1
384,<http://dbpedia.org/resource/reasoning_system>,1
385,<http://dbpedia.org/resource/search_technologies>,1
386,<http://dbpedia.org/resource/error_function>,1
387,<http://dati.camera.it/ocd/seduta.rdf/s13_027>,1
388,<http://lod.xdams.org/reload/oad/event/c07474>,1
389,<http://dbpedia.org/resource/chinese_poetry>,1
390,<http://dbpedia.org/resource/spectral_space>,1
391,<http://dbpedia.org/resource/structured_prediction>,1
392,<http://dbpedia.org/resource/test_design>,1
393,<http://dbpedia.org/resource/system_testing>,1
394,<http://dati.camera.it/ocd/seduta.rdf/s15_137>,1
395,<http://lod.xdams.org/reload/oad/event/r06492>,1
396,<http://dbpedia.org/resource/geometric_mean>,1
397,<http://dbpedia.org/resource/iterative_method>,1
398,<http://dbpedia.org/resource/degree_distribution>,1
399,<http://dbpedia.org/resource/computer_(magazine)>,1
400,<http://dbpedia.org/resource/equivocation>,1
401,<http://dbpedia.org/resource/multinomial_logistic_regression>,1
402,<http://dbpedia.org/resource/candidate_solution>,1
403,<http://dati.camera.it/ocd/seduta.rdf/s13_226>,1
404,<http://dbpedia.org/resource/string_grammar>,1
405,<http://dbpedia.org/resource/design>,1
406,<http://dbpedia.org/resource/decision_stump>,1
407,<http://dbpedia.org/resource/semantic_matching>,1
408,<http://dati.camera.it/ocd/persona.rdf/pr204>,1
409,<http://dbpedia.org/resource/columbia_university>,1
410,<http://dbpedia.org/resource/applied_science>,1
411,<http://dbpedia.org/resource/amazon_mechanical_turk>,1
412,<http://dbpedia.org/resource/state_transition_system>,1
413,<http://dbpedia.org/resource/systems_design>,1
414,<http://dbpedia.org/resource/yield_curve>,1
415,<http://dbpedia.org/resource/minimum_mean_square_error>,1
416,<http://dbpedia.org/resource/recursive_transition_network>,1
417,<http://dbpedia.org/resource/political_blog>,1
418,<http://dbpedia.org/resource/national_research_council>,1
419,<http://dbpedia.org/resource/selection_rule>,1
420,<http://lod.xdams.org/reload/oad/event/g08713>,1
421,<http://dbpedia.org/resource/diadumenian>,1
422,<http://dbpedia.org/resource/system_integration>,1
423,<http://dbpedia.org/resource/submodular_set_function>,1
424,<http://dbpedia.org/resource/synthetic_data>,1
425,<http://dbpedia.org/resource/tensor_product>,1
426,<http://dbpedia.org/resource/spin_model>,1
427,<http://lod.xdams.org/reload/oad/event/n00852>,1
428,<http://dati.camera.it/ocd/persona.rdf/pr3106>,1
429,<http://dbpedia.org/resource/office_management>,1
430,<http://dbpedia.org/resource/run-on_sentence>,1
431,<http://dbpedia.org/resource/direct_access>,1
432,<http://dbpedia.org/resource/types_of_educational_institutions>,1
433,<http://lod.xdams.org/reload/oad/event/b03673>,1
434,<http://dati.camera.it/ocd/persona.rdf/p27470>,1
435,<http://dbpedia.org/resource/google>,1
436,<http://dbpedia.org/resource/event_structure>,1
437,<http://dbpedia.org/resource/university>,1
438,<http://dbpedia.org/resource/semantic_equivalence>,1
439,<http://dbpedia.org/resource/colab>,1
440,<http://dbpedia.org/resource/stream_(computing)>,1
441,<http://dbpedia.org/resource/online_model>,1
442,<http://dbpedia.org/resource/tag_(metadata)>,1
443,<http://dbpedia.org/resource/effective_method>,1
444,<http://dbpedia.org/resource/scripting_language>,1
445,<http://dbpedia.org/resource/semantic_change>,1
446,<http://lod.xdams.org/reload/oad/event/d06431>,1
447,<http://dbpedia.org/resource/protein–protein_interaction>,1
448,<http://dbpedia.org/resource/virtual_reality>,1
449,<http://dbpedia.org/resource/distributed_hash_table>,1
450,<http://dbpedia.org/resource/routing>,1
451,<http://lod.xdams.org/reload/oad/event/c05194>,1
452,<http://dbpedia.org/resource/percentile_rank>,1
453,<http://dbpedia.org/resource/information_age>,1
454,<http://dbpedia.org/resource/information_bottleneck_method>,1
455,<http://dati.camera.it/ocd/persona.rdf/pr1613>,1
456,<http://dbpedia.org/resource/production_system>,1
457,<http://dbpedia.org/resource/speech_science>,1
458,<http://dbpedia.org/resource/stop_words>,1
459,<http://dbpedia.org/resource/system_model>,1
460,<http://lod.xdams.org/reload/oad/event/m16445>,1
461,<http://dbpedia.org/resource/microphone>,1
462,<http://dbpedia.org/resource/wizard_of_oz_experiment>,1
463,<http://dbpedia.org/resource/studio_recording>,1
464,<http://dbpedia.org/resource/abbyy>,1
465,<http://lod.xdams.org/reload/oad/event/f08744>,1
466,<http://dbpedia.org/resource/online_algorithm>,1
467,<http://dbpedia.org/resource/mean_reciprocal_rank>,1
468,<http://dbpedia.org/resource/mathematical_proof>,1
469,<http://dbpedia.org/resource/combat_engineer>,1
470,<http://dbpedia.org/resource/stable_model_semantics>,1
471,<http://lod.xdams.org/reload/oad/event/c11677>,1
472,<http://dbpedia.org/resource/regular_expression>,1
473,<http://dbpedia.org/resource/exact_solution>,1
474,<http://dbpedia.org/resource/pagerank>,1
475,<http://dbpedia.org/resource/lagrangian_relaxation>,1
476,<http://dbpedia.org/resource/computer_lab>,1
477,<http://dbpedia.org/resource/geographical_database>,1
478,<http://dbpedia.org/resource/yahoo!_pipes>,1
479,<http://dbpedia.org/resource/attempto_controlled_english>,1
480,<http://dbpedia.org/resource/next_computer>,1
481,<http://dbpedia.org/resource/connected_speech>,1
482,<http://dbpedia.org/resource/ising_model>,1
483,<http://dbpedia.org/resource/diction>,1
484,<http://dbpedia.org/resource/top_type>,1
485,<http://lod.xdams.org/reload/oad/event/m01117>,1
486,<http://dbpedia.org/resource/direct_limit>,1
487,<http://dbpedia.org/resource/pitch_contour>,1
488,<http://lod.xdams.org/reload/oad/event/s06606>,1
489,<http://dbpedia.org/resource/michael_ix_palaiologos>,1
490,<http://dbpedia.org/resource/scenario_testing>,1
491,<http://dbpedia.org/resource/t-dna_binary_system>,1
492,<http://dbpedia.org/resource/modern_greek>,1
493,<http://dbpedia.org/resource/google_search>,1
494,<http://dbpedia.org/resource/experimental_data>,1
495,<http://lod.xdams.org/reload/oad/event/b05380>,1
496,<http://dbpedia.org/resource/romance_languages>,1
497,<http://dbpedia.org/resource/partition_function>,1
498,<http://dbpedia.org/resource/data_(computing)>,1
499,<http://dbpedia.org/resource/combinatory_categorial_grammar>,1
500,<http://dbpedia.org/resource/fixation_(population_genetics)>,1
501,<http://dbpedia.org/resource/performance_appraisal>,1
502,<http://dbpedia.org/resource/minutes>,1
503,<http://dbpedia.org/resource/web_archiving>,1
504,<http://dati.camera.it/ocd/persona.rdf/p9960>,1
505,<http://dbpedia.org/resource/expected_value>,1
506,<http://dbpedia.org/resource/model_theory>,1
507,<http://dbpedia.org/resource/pattern_file>,1
508,<http://dati.camera.it/ocd/seduta.rdf/s15_086>,1
509,<http://dbpedia.org/resource/matching_theory_(economics)>,1
510,<http://dbpedia.org/resource/priority_queue>,1
511,<http://dbpedia.org/resource/complex_structure>,1
512,<http://dbpedia.org/resource/motion_control>,1
513,<http://dbpedia.org/resource/speech_synthesis_markup_language>,1
514,<http://dbpedia.org/resource/korean_sign_language>,1
515,<http://dbpedia.org/resource/dependence_analysis>,1
516,<http://dati.camera.it/ocd/legge.rdf/l1991_19>,1
517,<http://dbpedia.org/resource/pitch_detection_algorithm>,1
518,<http://dbpedia.org/resource/information_sciences_institute>,1
519,<http://dbpedia.org/resource/english_language>,1
520,<http://dbpedia.org/resource/vocal_language>,1
521,<http://lod.xdams.org/reload/oad/event/p13631>,1
522,<http://dbpedia.org/resource/morphological_dictionary>,1
523,<http://dbpedia.org/resource/relevance_feedback>,1
524,<http://dbpedia.org/resource/open_agent_architecture>,1
525,<http://dbpedia.org/resource/referring_expression_generation>,1
526,<http://dbpedia.org/resource/parallel_computing>,1
527,<http://dati.camera.it/ocd/seduta.rdf/s13_804>,1
528,<http://lod.xdams.org/reload/oad/event/g00114>,1
529,<http://dbpedia.org/resource/distributed_interactive_simulation>,1
530,<http://dbpedia.org/resource/ames_research_center>,1
531,<http://dbpedia.org/resource/information_model>,1
532,<http://lod.xdams.org/reload/oad/event/g08744>,1
533,<http://dbpedia.org/resource/data_quality>,1
534,<http://dbpedia.org/resource/akaike_information_criterion>,1
535,<http://dati.camera.it/ocd/seduta.rdf/s01_414>,1
536,<http://dbpedia.org/resource/data_corruption>,1
537,<http://dbpedia.org/resource/application_layer>,1
538,<http://dbpedia.org/resource/basic_service>,1
539,<http://dbpedia.org/resource/conceptual_schema>,1
540,<http://dbpedia.org/resource/audiobook>,1
541,<http://dati.camera.it/ocd/seduta.rdf/s14_032>,1
542,<http://lod.xdams.org/reload/oad/event/r01447>,1
543,<http://dbpedia.org/resource/language_documentation>,1
544,<http://dbpedia.org/resource/air_compressor>,1
545,<http://dbpedia.org/resource/functional_form>,1
546,<http://dbpedia.org/resource/computer_literacy>,1
547,<http://dbpedia.org/resource/spelling_reform>,1
548,<http://dbpedia.org/resource/estonian_language>,1
549,<http://dbpedia.org/resource/conceptual_spaces>,1
550,<http://lod.xdams.org/reload/oad/event/f03506>,1
551,<http://dbpedia.org/resource/planning_permission>,1
552,<http://dbpedia.org/resource/simulation>,1
553,<http://dbpedia.org/resource/technology_push>,1
554,<http://dbpedia.org/resource/news_items>,1
555,<http://lod.xdams.org/reload/oad/event/t03138>,1
556,<http://dbpedia.org/resource/object_language>,1
557,<http://dbpedia.org/resource/quadratic_equation>,1
558,<http://dbpedia.org/resource/cardinal_direction>,1
559,<http://dbpedia.org/resource/user_guide>,1
560,<http://dbpedia.org/resource/project_manager>,1
561,<http://lod.xdams.org/reload/oad/event/m10384>,1
562,<http://dbpedia.org/resource/voice_user_interface>,1
563,<http://dbpedia.org/resource/tree_(graph_theory)>,1
564,<http://dbpedia.org/resource/data_validation>,1
565,<http://dbpedia.org/resource/type_2>,1
566,<http://lod.xdams.org/reload/oad/event/a00025>,1
567,<http://dbpedia.org/resource/sonar>,1
568,<http://dbpedia.org/resource/arrow_keys>,1
569,<http://dbpedia.org/resource/input_method>,1
570,<http://dbpedia.org/resource/communication_studies>,1
571,<http://dbpedia.org/resource/inductive_logic_programming>,1
572,<http://lod.xdams.org/reload/oad/event/f02455>,1
573,<http://dbpedia.org/resource/audio_channel>,1
574,<http://dbpedia.org/resource/data_field>,1
575,<http://dbpedia.org/resource/voice_recognition>,1
576,<http://dbpedia.org/resource/composite_application>,1
577,<http://dbpedia.org/resource/data_scraping>,1
578,<http://dbpedia.org/resource/business_software>,1
579,<http://dbpedia.org/resource/business_intelligence>,1
580,<http://dbpedia.org/resource/access_time>,1
581,<http://dbpedia.org/resource/generation_time>,1
582,<http://lod.xdams.org/reload/oad/event/c06178>,1
583,<http://dbpedia.org/resource/senior_corps>,1
584,<http://dbpedia.org/resource/the_wizard_of_oz>,1
585,<http://dbpedia.org/resource/proof_net>,1
586,<http://lod.xdams.org/reload/oad/event/l01501>,1
587,<http://dbpedia.org/resource/thematic_structure>,1
588,<http://dbpedia.org/resource/binary_search_algorithm>,1
589,<http://dbpedia.org/resource/helix_(multimedia_project)>,1
590,<http://dbpedia.org/resource/biological_process>,1
591,<http://dati.camera.it/ocd/seduta.rdf/s13_201>,1
592,<http://lod.xdams.org/reload/oad/event/d07603>,1
593,<http://dbpedia.org/resource/collaborative_software>,1
594,<http://dbpedia.org/resource/sound_recording_and_reproduction>,1
595,<http://dbpedia.org/resource/scheduling_(computing)>,1
596,<http://dati.camera.it/ocd/seduta.rdf/s13_218>,1
597,<http://dbpedia.org/resource/web_annotation>,1
598,<http://dbpedia.org/resource/news_broadcasting>,1
599,<http://dbpedia.org/resource/silver_standard>,1
600,<http://lod.xdams.org/reload/oad/event/g05922>,1
601,<http://dbpedia.org/resource/f-distribution>,1
602,<http://lod.xdams.org/reload/oad/event/b12520>,1
603,<http://dbpedia.org/resource/operating_system>,1
604,<http://dbpedia.org/resource/receiver_operating_characteristic>,1
605,<http://dbpedia.org/resource/log_probability>,1
606,<http://dbpedia.org/resource/social_graph>,1
607,<http://dbpedia.org/resource/interaction_design>,1
608,<http://lod.xdams.org/reload/oad/event/c07565>,1
609,<http://dbpedia.org/resource/applied_research>,1
610,<http://dbpedia.org/resource/home_page>,1
611,<http://dbpedia.org/resource/mind>,1
612,<http://dbpedia.org/resource/lightweight_ontologies>,1
613,<http://lod.xdams.org/reload/oad/event/m06881>,1
614,<http://dbpedia.org/resource/recurrent_neural_network>,1
615,<http://dati.camera.it/ocd/persona.rdf/pr294>,1
616,<http://lod.xdams.org/reload/oad/event/m05993>,1
617,<http://dbpedia.org/resource/arabic_language>,1
618,<http://dbpedia.org/resource/formal_proof>,1
619,<http://dbpedia.org/resource/etymology>,1
620,<http://dati.camera.it/ocd/legge.rdf/l1986_93>,1
621,<http://lod.xdams.org/reload/oad/event/g02411>,1
622,<http://dbpedia.org/resource/maximum_likelihood>,1
623,<http://dbpedia.org/resource/kripke_semantics>,1
624,<http://dbpedia.org/resource/net_income>,1
625,<http://dbpedia.org/resource/modal_verb>,1
626,<http://dbpedia.org/resource/contingency_table>,1
627,<http://dbpedia.org/resource/customer_service>,1
628,<http://lod.xdams.org/reload/oad/event/a03987>,1
629,<http://dati.camera.it/ocd/legge.rdf/l2001_81>,1
630,<http://dbpedia.org/resource/standard_model>,1
631,<http://dbpedia.org/resource/subcategorization>,1
632,<http://dbpedia.org/resource/usability>,1
633,<http://dati.camera.it/ocd/seduta.rdf/s13_041>,1
634,<http://lod.xdams.org/reload/oad/event/g09602>,1
635,<http://dbpedia.org/resource/reference_data>,1
636,<http://dbpedia.org/resource/trigram_tagger>,1
637,<http://dati.camera.it/ocd/seduta.rdf/s16_547>,1
638,<http://dbpedia.org/resource/street_or_road_name>,1
639,<http://dati.camera.it/ocd/legge.rdf/l1998_40>,1
640,<http://dbpedia.org/resource/conjunctive_query>,1
641,<http://dbpedia.org/resource/synonym_ring>,1
642,<http://dbpedia.org/resource/emergency_service>,1
643,<http://dbpedia.org/resource/grammar_induction>,1
644,<http://lod.xdams.org/reload/oad/event/f03119>,1
645,<http://dbpedia.org/resource/pre-engineered_building>,1
646,<http://dbpedia.org/resource/resource_description_framework>,5
647,<http://dbpedia.org/resource/rdf_schema>,1
648,<http://dbpedia.org/resource/air_travel>,1
649,<http://dbpedia.org/resource/search_engine_technology>,1
650,<http://dati.camera.it/ocd/legge.rdf/l2008_5>,1
651,<http://dbpedia.org/resource/distance_matrix>,1
652,<http://dati.camera.it/ocd/seduta.rdf/sr20397>,1
653,<http://dati.camera.it/ocd/seduta.rdf/s17_83>,1
654,<http://dati.camera.it/ocd/seduta.rdf/sr20423>,1
655,<http://dati.camera.it/ocd/senatore.rdf/sr2224>,1
656,<http://dati.camera.it/ocd/aic.rdf/aic4_18692_8>,1
657,<http://dati.camera.it/ocd/seduta.rdf/s08_15687>,1
658,<http://dati.camera.it/ocd/legge.rdf/l1949_44>,1
659,<http://dbpedia.org/resource/structured_content>,1
660,<http://lod.xdams.org/reload/oad/event/b04573>,1
661,<http://dati.camera.it/ocd/seduta.rdf/sr09287>,1
662,<http://dbpedia.org/classes/#guitarist>,3
663,<http://dbpedia.org/guitarist>,2
664,<http://dbpedia.org/person/artist/musicalartist/instrumentalist/guitarist>,5
665,<http://dbpedia.org/server/ontology/classes/guitarist>,1
666,<http://dbpedia.org/resource/boston>,31
667,<http://www.exemple.fr/mariea>,1
668,<http://www.exemple.fr/nom>,1
669,<http://dbpedia.org/ontology/film>,24
670,<http://dbpedia.org/ontology/genre>,4
671,<http://dbpedia.org/ontology/actor>,2
672,<http://dbpedia.org/resource/actor>,1
673,<http://dbpedia.org/resource/>,1
674,<http://dbpedia.org/resource/cinemanazi>,3
675,<http://dbpedia.org/resource/berlin>,26
676,<http://dbpedia.org/ontology/abstract>,665
677,<http://dbpedia.org/class/yago/district108552138>,2
678,<http://dbpedia.org/class/yago/germanstatecapitals>,2
679,<http://dbpedia.org/class/yago/capitalsineurope>,8
680,<http://dbpedia.org/class/yago/europeancapitalsofculture>,2
681,<http://dbpedia.org/class/yago/center108523483>,2
682,<http://dbpedia.org/class/yago/capital108518505>,2
683,<http://dbpedia.org/class/yago/municipality108626283>,2
684,<http://dbpedia.org/class/yago/object100002684>,18
685,<http://dbpedia.org/class/yago/seat108647945>,2
686,<http://dbpedia.org/class/yago/urbanarea108675967>,2
687,<http://dbpedia.org/class/yago/area108497294>,7
688,<http://dbpedia.org/class/yago/city108524735>,16
689,<http://dbpedia.org/class/yago/hostcitiesofthesummerolympicgames>,2
690,<http://dbpedia.org/class/yago/location100027167>,10
691,<http://dbpedia.org/class/yago/yagogeoentity>,18
692,<http://dbpedia.org/class/yago/statecapital108695539>,2
693,<http://dbpedia.org/class/yago/geographicalarea108574314>,4
694,<http://dbpedia.org/class/yago/populatedplacesestablishedinthe13thcentury>,2
695,<http://dbpedia.org/class/yago/region108630985>,9
696,<http://dbpedia.org/class/yago/site108651247>,4
697,<http://dbpedia.org/class/yago/tract108673395>,4
698,<http://dbpedia.org/class/yago/administrativedistrict108491826>,2
699,<http://dbpedia.org/class/yago/physicalentity100001930>,18
700,<http://dbpedia.org/class/yago/statesandterritoriesestablishedin1237>,2
701,<http://dbpedia.org/class/yago/country108544813>,2
702,<http://dbpedia.org/class/yago/statesofgermany>,2
703,<http://dbpedia.org/class/yago/yagolegalactorgeo>,13
704,<http://dbpedia.org/class/yago/yagopermanentlylocatedentity>,22
705,<http://dbpedia.org/resource/turmstra�e>,8
706,<http://dbpedia.org/resource/birkenstra�e_(berlin_u-bahn)>,8
707,<http://dbpedia.org/resource/berlin_westhafen_station>,12
708,<http://dbpedia.org/resource/federal_ministry_of_the_interior_(germany)>,8
709,<http://dbpedia.org/resource/turmstra�e_(berlin_u-bahn)>,8
710,<http://dbpedia.org/resource/moabit>,12
711,<http://dbpedia.org/resource/robert_koch_institute>,8
712,<http://dbpedia.org/resource/berlin_bellevue_station>,8
713,<http://dbpedia.org/resource/poststadion>,8
714,<http://dbpedia.org/resource/berlin_beusselstra�e_station>,12
715,<http://dbpedia.org/class/yago/railwaystation104049098>,8
716,<http://dbpedia.org/resource/gvu>,8
717,<http://dbpedia.org/class/yago/berlins-bahnstations>,6
718,<http://dbpedia.org/class/yago/artifact100021939>,13
719,<http://dbpedia.org/class/yago/whole100003553>,13
720,<http://dbpedia.org/class/yago/facility103315023>,8
721,<http://dbpedia.org/class/yago/railwaystationsinberlin>,6
722,<http://dbpedia.org/class/yago/railwaystationsopenedin1897>,3
723,<http://dbpedia.org/class/yago/railwaystationsopenedin1961>,3
724,<http://dbpedia.org/class/yago/berlinu-bahnstations>,6
725,<http://dbpedia.org/class/yago/terminal104412901>,8
726,<http://dbpedia.org/class/yago/station104306080>,8
727,<http://dbpedia.org/class/yago/localitiesofberlin>,3
728,<http://dbpedia.org/class/yago/section108648322>,3
729,<http://dbpedia.org/class/yago/vicinity108641113>,3
730,<http://dbpedia.org/class/yago/organization108008335>,4
731,<http://dbpedia.org/class/yago/yagolegalactor>,4
732,<http://dbpedia.org/class/yago/abstraction100002137>,6
733,<http://dbpedia.org/class/yago/group100031264>,6
734,<http://dbpedia.org/class/yago/organisationsbasedinberlin>,2
735,<http://dbpedia.org/class/yago/socialgroup107950920>,6
736,<http://dbpedia.org/class/yago/body107965085>,2
737,<http://dbpedia.org/class/yago/occupationalgroup108403631>,2
738,<http://dbpedia.org/class/yago/profession108112096>,2
739,<http://dbpedia.org/class/yago/priesthood108113443>,2
740,<http://dbpedia.org/class/yago/germanfederalministries>,2
741,<http://dbpedia.org/class/yago/internalaffairsministries>,2
742,<http://dbpedia.org/class/yago/ministriesestablishedin1879>,2
743,<http://dbpedia.org/class/yago/ministry108113797>,2
744,<http://dbpedia.org/class/yago/organisationsbasedingermany>,2
745,<http://dbpedia.org/class/yago/entertainmentorganizations>,2
746,<http://dbpedia.org/class/yago/association108049401>,2
747,<http://dbpedia.org/class/yago/tradeassociations>,2
748,<http://dbpedia.org/class/yago/stadium104295881>,2
749,<http://dbpedia.org/class/yago/scene108645963>,2
750,<http://dbpedia.org/class/yago/1936summerolympicvenues>,2
751,<http://dbpedia.org/class/yago/footballvenuesingermany>,2
752,<http://dbpedia.org/class/yago/structure104341686>,5
753,<http://dbpedia.org/class/yago/venue108677628>,2
754,<http://dbpedia.org/class/yago/sportsvenuesinberlin>,2
755,<http://dbpedia.org/class/yago/olympicfootballvenues>,2
756,<http://dbpedia.org/resource/08>,4
757,"<http://dbpedia.org/resource/m1ili,_hawaii>",12
758,<http://dbpedia.org/resource/charlottenburg_canal>,4
759,<http://dbpedia.org/resource/mierendorffplatz_(berlin_u-bahn)>,4
760,<http://dbpedia.org/class/yago/building102913152>,3
761,<http://dbpedia.org/class/yago/buildingsandstructuresincharlottenburg-wilmersdorf>,1
762,<http://dbpedia.org/class/yago/buildingsandstructuresinmitte>,1
763,<http://dbpedia.org/class/yago/railwaystationsopenedin1980>,1
764,<http://dbpedia.org/resource/kulturfabrik_moabit>,4
765,<http://dbpedia.org/class/yago/theater104417809>,1
766,<http://dbpedia.org/class/yago/theatresinberlin>,1
767,<http://dbpedia.org/resource/pl�tzensee_(lake)>,4
768,<http://dbpedia.org/resource/pl�tzensee_prison>,4
769,<http://dbpedia.org/resource/wilmersdorfer_stra�e_(berlin_u-bahn)>,12
770,<http://dbpedia.org/resource/afrikanische_stra�e_(berlin_u-bahn)>,8
771,<http://dbpedia.org/resource/nollendorfplatz_(berlin_u-bahn)>,4
772,<http://dbpedia.org/class/yago/heritagesitesinberlin>,2
773,<http://dbpedia.org/class/yago/railwaystationsopenedin1902>,1
774,<http://dbpedia.org/resource/berlin_zoologischer_garten_railway_station>,4
775,<http://dbpedia.org/resource/bukhara_(restaurant)>,4
776,<http://dbpedia.org/class/yago/restaurant104081281>,1
777,<http://dbpedia.org/class/yago/restaurantsindelhi>,1
778,<http://dbpedia.org/class/yago/restaurantsinindia>,1
779,<http://schema.org/country>,16
780,<http://dbpedia.org/resource/josé_lasa>,2
781,<http://dbpedia.org/resource/guatemala>,2
782,<http://dbpedia.org/resource/chile>,6
783,<http://schema.org/organization>,2
784,<http://dbpedia.org/resource/captaincy_general_of_chile>,2
785,<http://dbpedia.org/resource/atlante_f.c.>,2
786,<http://dbpedia.org/resource/chile_national_football_team>,2
787,<http://dbpedia.org/resource/england_national_football_team>,2
788,<http://www.w3.org/2003/01/geo/wgs84_pos#long>,245
789,<http://www.w3.org/2003/01/geo/wgs84_pos#lat>,245
790,<http://dbpedia.org/resource/cristopher_toselli>,2
791,<http://dbpedia.org/resource/bayer_04_leverkusen>,2
792,<http://dbpedia.org/resource/bayarena>,2
793,<http://dbpedia.org/resource/camp_nou>,2
794,<http://dbpedia.org/resource/club_atlético_river_plate>,4
795,<http://dbpedia.org/resource/stadio_friuli>,2
796,<http://dbpedia.org/resource/alexis_sánchez>,2
797,<http://dbpedia.org/resource/udinese_calcio>,2
798,<http://dbpedia.org/resource/fc_barcelona>,2
799,<http://dbpedia.org/resource/captain_(association_football)>,4
800,<http://dbpedia.org/resource/2011–12_la_liga>,2
801,<http://umbel.org/umbel/rc/club_organization>,2
802,<http://dbpedia.org/resource/italy>,2
803,<http://dbpedia.org/resource/santiago>,2
804,"<http://dbpedia.org/resource/calama,_chile>",4
805,<http://dbpedia.org/resource/barcelona>,5
806,<http://umbel.org/umbel/rc/city>,1
807,<http://dbpedia.org/resource/udine>,2
808,<http://purl.org/dc/terms/subject>,26
809,<http://dbpedia.org/resource/category:luxury_vehicles>,4
810,<http://www.base22.com/ontologies/2010/5/my-contacts.owl#ibm>,3
811,<http://dbpedia.org/resource/entrepreneur>,1
812,<http://dbpedia.org/resource/businessman>,1
813,<http://dbpedia.org/resource/nancy_j._currie>,2
814,<http://dbpedia.org/resource/kevin_whitrick>,2
815,<http://dbpedia.org/resource/ann_brickley>,2
816,<http://dbpedia.org/property/children>,1
817,<http://dbpedia.org/property/votesmart>,1
818,<http://dbpedia.org/resource/david_c._hilmers>,2
819,<http://dbpedia.org/resource/helena_bulaja>,2
820,<http://dbpedia.org/resource/designer>,2
821,<http://dbpedia.org/resource/aki_kondo>,2
822,<http://xmlns.com/foaf/0.1/person>,4
823,<http://dbpedia.org/resource/ian_watkins_(lostprophets)>,2
824,<http://dbpedia.org/resource/apple_inc.>,1
825,<http://dbpedia.org/resource/bruce_robb>,2
826,<http://dbpedia.org/ontology/employer>,13
827,<http://dbpedia.org/ontology/>,17
828,"<http://dbpedia.org/resource/west_point,_pennsylvania>",2
829,<http://dbpedia.org/resource/alex_newport>,2
830,<http://dbpedia.org/resource/steve_jobs>,31
831,<http://dbpedia.org/property/nationality>,9
832,<http://dbpedia.org/property/boards>,9
833,<http://dbpedia.org/property/occupation>,15
834,<http://dbpedia.org/resource/david_beckham>,5
835,<http://dbpedia.org/resource/eiffel_tower>,7
836,<http://dbpedia.org/resource/paris>,18
837,<http://example.com/ldfs/def#private>,1
838,<http://example.com/ldfs/def#public>,1
839,<http://example.com/ldfs/def#file>,2
840,<http://example.com/ldfs/def#url>,2
841,<http://dbpedia.org/resource/home_appliance>,4
842,<http://dbpedia.org/resource/oven>,4
843,<http://dbpedia.org/resource/dishwasher>,4
844,<http://dbpedia.org/resource/refrigerator>,4
845,<http://dbpedia.org/resource/decision-making>,4
846,<http://dbpedia.org/resource/semantic_web_services>,4
847,<http://dbpedia.org/resource/semantic_web>,4
848,<http://dbpedia.org/resource/web_service>,4
849,<http://dbpedia.org/resource/exhaust_hood>,4
850,<http://dbpedia.org/resource/data_cube>,4
851,<http://dbpedia.org/resource/vazel>,4
852,<http://dbpedia.org/resource/thanasis_antetokounmpo>,4
853,<http://dbpedia.org/resource/kitchen_stove>,4
854,<http://dbpedia.org/resource/olap_cube>,4
855,<http://dbpedia.org/resource/song>,4
856,<http://dbpedia.org/resource/william_kostakis>,4
857,<http://dbpedia.org/resource/secondary_consciousness>,4
858,<http://dbpedia.org/resource/youtube>,4
859,<http://dbpedia.org/resource/music>,4
860,<http://dbpedia.org/resource/ontario>,4
861,<http://dbpedia.org/resource/indiana>,4
862,<http://dbpedia.org/resource/petro_georgiou>,4
863,<http://dbpedia.org/resource/internet_tutorial>,4
864,"<http://dbpedia.org/resource/william,_count_of_blois>",4
865,<http://dbpedia.org/resource/mapreduce>,4
866,<http://dbpedia.org/resource/tutorial>,4
867,<http://dbpedia.org/resource/apache_hadoop>,4
868,<http://dbpedia.org/resource/software_engineering>,4
869,<http://dbpedia.org/resource/research>,4
870,<http://dbpedia.org/resource/alternative_rock>,4
871,<http://dbpedia.org/resource/indie_folk>,4
872,<http://dbpedia.org/resource/ryan_adams>,4
873,<http://dbpedia.org/resource/madonna_(entertainer)>,4
874,<http://dbpedia.org/resource/sagarmatha_(album)>,4
875,<http://dbpedia.org/resource/the_appleseed_cast>,4
876,<http://dbpedia.org/resource/kostas>,4
877,<http://dbpedia.org/resource/clone_high>,4
878,<>,4
879,<http://dbpedia.org/resource/keyword>,4
880,<http://dbpedia.org/resource/terminology_extraction>,4
881,<http://dbpedia.org/resource/application_programming_interface>,4
882,<http://dbpedia.org/resource/representational_state_transfer>,4
883,<http://dbpedia.org/resource/zanussi>,2
884,<http://dbpedia.org/resource/siemens>,2
885,<http://dbpedia.org/resource/teka>,2
886,<http://dbpedia.org/resource/aeg>,2
887,<http://dbpedia.org/resource/samsung>,3
888,<http://dbpedia.org/resource/robert_bosch_gmbh>,2
889,<http://dbpedia.org/resource/lg_electronics>,2
890,<http://dbpedia.org/resource/konstantinos_mitroglou>,1
891,<http://www.skroutz.gr/s/444352/siemens-hb23gb540.html>,2
892,<http://www.skroutz.gr/s/389617/bosch-smv50e70eu.html>,2
893,<http://www.skroutz.gr/s/347390/lg-gs3159pvev.html>,2
894,<decisioncount.txt>,2
895,<http://www.skroutz.gr/s/92135/aeg-dk-6393-m.html>,2
896,<http://www.skroutz.gr/s/276391/siemens-et651ee11e.html>,2
897,<http://www.skroutz.gr/s/75502/bosch-pke645q14e.html>,2
898,<http://www.skroutz.gr/s/3486829/aeg-f5403pvi0.html>,2
899,<http://www.skroutz.gr/s/3139977/zanussi-zob35772xd.html>,1
900,<http://www.skroutz.gr/s/2306560/samsung-rsa1utmg.html>,1
901,<dtestupload.txt>,1
902,<http://www.skroutz.gr/s/61897/korting-kbo-7380-axg.html>,1
903,<http://www.skroutz.gr/s/2883184/aeg-f54032vi0.html>,1
904,<add_to_cart_custom.png>,1
905,<http://www.skroutz.gr/s/4171409/samsung-bf10c4t212.html>,1
906,<http://www.skroutz.gr/s/34290/teka-vtc-m.html>,1
907,<http://www.skroutz.gr/s/3815216/bosch-smv40d90eu.html>,1
908,<menu.js>,1
909,<http://www.skroutz.gr/s/256024/aeg-hk624000xb.html>,1
910,<http://www.skroutz.gr/s/245088/teka-dg2-isla.html>,1
911,<cpvcodes.csv>,1
912,<http://www.skroutz.gr/s/75645/korting-kect610axc.html>,1
913,<kotsovolos_prosfora_1.jpg>,1
914,<kotsovolos_prosfora_2.jpg>,1
915,<http://i.imgur.com/5tpocx0.gif>,1
916,<http://jens-lehmann.org/files/2012/aaai_dbpedia_benchmark.pdf>,1
917,<http://dbpedia.org/resource/south_korea>,1
918,<http://dbpedia.org/ontology/thumbnail>,519
919,<http://dbpedia.org/resource/united>,3
920,<http://dbpedia.org/resource/north>,1
921,<http://dbpedia.org/resource/collective_security>,3
922,<http://dbpedia.org/resource/threat>,1
923,<http://dbpedia.org/resource/allies>,1
924,<http://dbpedia.org/resource/plan>,21
925,<http://dbpedia.org/resource/counter>,1
926,<http://dbpedia.org/resource/north_korea>,1
927,<http://dbpedia.org/resource/south>,1
928,<http://dbpedia.org/resource/attack>,3
929,<http://dbpedia.org/resource/warship>,1
930,<http://dbpedia.org/resource/ince>,1
931,<http://dbpedia.org/resource/island>,1
932,<http://dbpedia.org/resource/military>,1
933,<http://dbpedia.org/resource/s>,1
934,<http://dbpedia.org/resource/joint>,1
935,<http://dbpedia.org/resource/general_officer>,3
936,<http://dbpedia.org/resource/korea>,1
937,<http://dbpedia.org/resource/year>,8
938,<http://dbpedia.org/resource/united_states>,1
939,<http://dbpedia.org/resource/commander>,1
940,<http://dbpedia.org/resource/james_d._thurman>,1
941,<http://dbpedia.org/resource/friday>,1
942,<http://dbpedia.org/resource/military_strategy>,3
943,<http://dbpedia.org/resource/force>,1
944,<http://dbpedia.org/resource/effect>,3
945,<http://dbpedia.org/resource/provocation>,3
946,<http://dbpedia.org/resource/military_aid>,3
947,<http://dbpedia.org/resource/war>,1
948,<http://dbpedia.org/resource/breakbeat>,3
949,<http://dbpedia.org/resource/strategy>,3
950,<http://dbpedia.org/resource/type>,3
951,<http://dbpedia.org/resource/office>,1
952,<http://dbpedia.org/resource/pyongyang>,1
953,<http://dbpedia.org/resource/humanitarian_aid>,1
954,<http://dbpedia.org/resource/dialogue>,1
955,<http://dbpedia.org/resource/obligations>,3
956,<http://dbpedia.org/resource/yonhap_news_agency>,3
957,<http://dbpedia.org/resource/sunday>,1
958,<http://dbpedia.org/resource/official>,3
959,<http://dbpedia.org/resource/park_geun-hye>,1
960,<http://dbpedia.org/resource/policy>,6
961,<http://dbpedia.org/resource/administration>,3
962,<http://dbpedia.org/resource/government>,3
963,<http://dbpedia.org/resource/approval>,3
964,<http://dbpedia.org/resource/shipping>,1
965,<http://dbpedia.org/resource/charitable_trust>,3
966,<http://dbpedia.org/resource/news>,1
967,<http://dbpedia.org/resource/home>,1
968,<http://dbpedia.org/resource/wednesday>,1
969,<http://dbpedia.org/resource/match>,1
970,<http://dbpedia.org/resource/founder>,3
971,<http://dbpedia.org/resource/world_cup>,5
972,<http://dbpedia.org/resource/game>,1
973,<http://dbpedia.org/resource/winners>,1
974,<http://dbpedia.org/resource/ronaldinho>,1
975,<http://dbpedia.org/resource/brazil>,1
976,<http://dbpedia.org/resource/presence>,3
977,<http://dbpedia.org/resource/squad>,1
978,<http://dbpedia.org/resource/clube_atl�tico_mineiro>,3
979,<http://dbpedia.org/resource/europe>,1
980,<http://dbpedia.org/resource/player>,5
981,<http://dbpedia.org/resource/career>,1
982,<http://dbpedia.org/resource/appearance>,5
983,<http://dbpedia.org/resource/exile>,1
984,<http://dbpedia.org/resource/luiz_felipe_scolari>,1
985,<http://dbpedia.org/resource/a.c._milan>,1
986,<http://dbpedia.org/resource/experience>,4
987,<http://dbpedia.org/resource/saint-germain>,2
988,<http://dbpedia.org/resource/neymar>,1
989,<http://dbpedia.org/resource/star>,1
990,<http://dbpedia.org/resource/talent>,2
991,<http://dbpedia.org/resource/santos>,2
992,<http://dbpedia.org/resource/goal_(disambiguation)>,2
993,<http://dbpedia.org/resource/selection>,1
994,<http://dbpedia.org/resource/scolari>,4
995,<http://dbpedia.org/resource/tuesday>,1
996,<http://dbpedia.org/resource/players>,2
997,<http://dbpedia.org/resource/lionel_messi>,1
998,<http://dbpedia.org/resource/ronaldo>,1
999,<http://dbpedia.org/resource/world>,1
1000,<http://dbpedia.org/resource/helm>,2
1001,<http://dbpedia.org/resource/title>,2
1002,<http://dbpedia.org/resource/decade>,2
1003,<http://dbpedia.org/resource/cbf>,2
1004,<http://dbpedia.org/resource/home_soil>,2
1005,<http://dbpedia.org/resource/confederation>,2
1006,<http://dbpedia.org/resource/crowd>,1
1007,<http://dbpedia.org/resource/thing>,2
1008,<http://dbpedia.org/resource/berlin_philharmonic>,1
1009,<http://dbpedia.org/resource/visit>,2
1010,<http://dbpedia.org/resource/pergamon_museum>,1
1011,<http://dbpedia.org/resource/museum_island>,1
1012,<http://dbpedia.org/resource/day>,1
1013,<http://dbpedia.org/resource/topography>,1
1014,<http://dbpedia.org/resource/museum>,1
1015,<http://dbpedia.org/resource/bundestag>,1
1016,<http://dbpedia.org/resource/explorer_(disambiguation)>,2
1017,<http://dbpedia.org/resource/deutsches_historisches_museum>,1
1018,<http://dbpedia.org/resource/germany>,1
1019,<http://dbpedia.org/resource/berlin_wall>,1
1020,<http://dbpedia.org/resource/memorial>,1
1021,<http://dbpedia.org/resource/history>,1
1022,<http://dbpedia.org/resource/potsdam>,1
1023,<http://dbpedia.org/resource/beauty>,1
1024,<http://dbpedia.org/resource/world_war_ii>,1
1025,<http://dbpedia.org/resource/european_union>,2
1026,<http://dbpedia.org/resource/city>,1
1027,<http://dbpedia.org/resource/media>,6
1028,<http://dbpedia.org/resource/science>,1
1029,<http://dbpedia.org/resource/global_city>,3
1030,<http://dbpedia.org/resource/politics>,1
1031,<http://dbpedia.org/resource/festival>,1
1032,<http://dbpedia.org/resource/nightlife>,1
1033,<http://dbpedia.org/resource/public_transport>,1
1034,<http://dbpedia.org/resource/arts>,2
1035,<http://dbpedia.org/resource/quality>,2
1036,<http://dbpedia.org/resource/network>,2
1037,<http://dbpedia.org/resource/page>,2
1038,<http://dbpedia.org/resource/facebook>,1
1039,<http://dbpedia.org/resource/sign>,1
1040,<http://dbpedia.org/resource/tension>,2
1041,<http://dbpedia.org/resource/football_player>,2
1042,<http://dbpedia.org/resource/move>,1
1043,<http://dbpedia.org/resource/eyebrow>,2
1044,<http://dbpedia.org/resource/jong_tae-se>,1
1045,<http://dbpedia.org/resource/week>,2
1046,<http://dbpedia.org/resource/k-league>,2
1047,<http://dbpedia.org/resource/jong>,6
1048,<http://dbpedia.org/resource/understanding>,2
1049,<http://dbpedia.org/resource/country>,1
1050,<http://dbpedia.org/resource/ambassador>,1
1051,<http://dbpedia.org/resource/kawasaki_frontale>,1
1052,<http://dbpedia.org/resource/club>,6
1053,<http://dbpedia.org/resource/cologne>,1
1054,<http://dbpedia.org/resource/vfl_bochum>,1
1055,<http://dbpedia.org/resource/thursday>,1
1056,<http://dbpedia.org/resource/physical>,2
1057,<http://dbpedia.org/resource/jan>,1
1058,<http://dbpedia.org/resource/ellen_franz>,4
1059,<http://dbpedia.org/resource/sebastian_vettel>,6
1060,<http://dbpedia.org/ontology/formulaoneracer>,59
1061,<http://dbpedia.org/resource/andré_simon_(racing_driver)>,2
1062,<http://dbpedia.org/resource/charles_pic>,2
1063,<http://dbpedia.org/ontology/championships>,48
1064,<http://umbel.org/umbel/rc/racecardriver>,2
1065,<http://dbpedia.org/resource/alan_jones_(racing_driver)>,2
1066,<http://dbpedia.org/property/name>,45
1067,<http://dbpedia.org/ontology/birthplace>,2
1068,<http://dbpedia.org/resource/lublin>,1
1069,<http://dbpedia.org/resource/adam_bromberg>,2
1070,<http://dbpedia.org/resource/warsaw>,4
1071,<http://dbpedia.org/resource/category:european_capitals_of_culture>,3
1072,<http://dbpedia.org/resource/category:european_capitals_in_europe>,1
1073,<http://dbpedia.org/resource/category:capitals_in_europe>,10
1074,<http://dbpedia.org/resource/amsterdam>,2
1075,<http://dbpedia.org/property/officialname>,6
1076,<http://dbpedia.org/resource/andorra_la_vella>,2
1077,<http://dbpedia.org/resource/category:city>,6
1078,<http://dbpedia.org/ontology/populationtotal>,8
1079,"<http://dbpedia.org/resource/abbott,_texas>",2
1080,<http://dbpedia.org/ontology/city>,5
1081,"<http://dbpedia.org/resource/appleton_city,_missouri>",2
1082,<http://dbpedia.org/property/populationtotal>,2
1083,<http://dbpedia.org/resource/metro_manila>,2
1084,<http://dbpedia.org/resource/bombai>,2
1085,<http://dbpedia.org/resource/mumbai>,2
1086,<dbpedia:ontology/populationmetro>,2
1087,<http://dbpedia.org/ontology/populationmetro>,2
1088,<http://dbpedia.org/ontology/company>,8
1089,<http://dbpedia.org/resource/bbc>,2
1090,<http://dbpedia.org/property/revenue>,6
1091,<http://dbpedia.org/resource/abracham_lincoln>,2
1092,<http://dbpedia.org/resource/abraham_lincoln>,2
1093,<http://dbpedia.org/resource/category:president>,1
1094,<http://dbpedia.org/resource/category:person>,2
1095,<http://dbpedia.org/property/office>,5
1096,<http://dbpedia.org/resource/category:presidents_of_the_united_states>,6
1097,<http://dbpedia.org/page/category:video_games_developed_in_poland>,8
1098,<http://dbpedia.org/ontology/mountain>,2
1099,<http://dbpedia.org/ontology/elevation>,2
1100,<http://dbpedia.org/property/developer>,6
1101,<http://dbpedia.org/page/cd_projekt_red>,1
1102,<http://dbpedia.org/resource/cd_projekt_red>,4
1103,<dbpedia-owl:releasedate>,1
1104,<http://dbpedia.org/resource/category:video_games_developed_in_poland>,5
1105,<http://dbpedia.org/property/composition>,6
1106,<http://dbpedia.org/page/elementary_particle>,3
1107,<http://dbpedia.org/resource/elementary_particle>,3
1108,<http://dbpedia.org/resource/tau_neutrino>,2
1109,<http://dbpedia.org/resource/category:james_bond_films>,6
1110,<http://dbpedia.org/resource/robert_parrish>,2
1111,<http://dbpedia.org/resource/sherlock_holmes>,5
1112,<http://dbpedia.org/ontology/book>,3
1113,<http://dbpedia.org/resource/metallica>,9
1114,<http://dbpedia.org/resource/ekstraklasa>,5
1115,<http://dbpedia.org/resource/legia_warsaw>,2
1116,<http://dbpedia.org/resource/bank_of_america_tower_(new_york_city)>,2
1117,<http://dbpedia.org/property/floorcount>,1
1118,<http://dbpedia.org/resource/category:french_films>,1
1119,<http://dbpedia.org/resource/sarah's_key>,2
1120,<http://dbpedia.org/class/yago/french-languagefilms>,2
1121,<http://dbpedia.org/resource/lorena_(singer)>,2
1122,<http://dbpedia.org/resource/c-sick>,2
1123,<http://dbpedia.org/resource/leslie_(singer)>,4
1124,<http://dbpedia.org/resource/jacopo_sarno>,2
1125,<http://dbpedia.org/resource/jérémy_amelin>,2
1126,<http://dbpedia.org/resource/fortesa_hoti_(singer)>,2
1127,<http://dbpedia.org/resource/luce_(singer)>,2
1128,<http://dbpedia.org/resource/bart_de_wever>,2
1129,<http://dbpedia.org/resource/rémy_pagani>,2
1130,<http://dbpedia.org/resource/eduardo_frei_ruiz-tagle>,2
1131,<http://dbpedia.org/resource/alain_joyandet>,2
1132,<http://dbpedia.org/resource/marie-guite_dufay>,4
1133,<http://dbpedia.org/resource/sylvie_vermeillet>,2
1134,"<http://dbpedia.org/resource/terence_o'neill,_baron_o'neill_of_the_maine>",2
1135,<http://dbpedia.org/resource/premiership_of_tony_blair>,4
1136,<http://dbpedia.org/resource/premiership_of_gordon_brown>,4
1137,<http://dbpedia.org/resource/james_chichester-clark>,2
1138,<http://dbpedia.org/resource/wolfgang_amadeus_mozart>,5
1139,<http://xmlns.com/foaf/0.1/depiction>,76
1140,<http://www.w3.org/2000/01/rdf-schema#label>,80
1141,<http://www.georss.org/georss/point>,76
1142,<http://xmlns.com/foaf/0.1/surname>,76
1143,<http://xmlns.com/foaf/0.1/name>,76
1144,<http://purl.org/dc/elements/1.1/title>,76
1145,<http://dbpedia.org/resource/salzburg>,2
1146,<http://dbpedia.org/resource/austria>,2
1147,<http://dbpedia.org/resource/heinz_schaden>,2
1148,<http://dbpedia.org/resource/social_democratic_party_of_austria>,2
1149,<http://dbpedia.org/resource/list_of_world_heritage_sites>,2
1150,<http://dbpedia.org/resource/central_institution_for_meteorology_and_geodynamics>,2
1151,<http://dbpedia.org/resource/spain>,13
1152,<http://dbpedia.org/resource/madrid>,2
1153,<http://dbpedia.org/resource/euro>,2
1154,<http://dbpedia.org/resource/telephone_numbers_in_spain>,2
1155,<http://dbpedia.org/resource/cortes_generales>,2
1156,<http://dbpedia.org/resource/congress_of_deputies_(spain)>,2
1157,<http://dbpedia.org/resource/history_of_spain>,2
1158,<http://dbpedia.org/resource/central_european_time>,2
1159,<http://dbpedia.org/resource/senate_of_spain>,2
1160,<http://dbpedia.org/resource/mayor–council_government>,2
1161,<http://dbpedia.org/resource/community_of_madrid>,2
1162,<http://dbpedia.org/resource/ana_botella>,2
1163,<http://dbpedia.org/resource/people's_party_(spain)>,2
1164,<http://dbpedia.org/resource/valencia>,2
1165,<http://dbpedia.org/resource/alcalde>,2
1166,<http://dbpedia.org/resource/bilbao>,2
1167,<http://dbpedia.org/resource/a_coruña>,2
1168,<http://dbpedia.org/resource/postal_code>,2
1169,<http://dbpedia.org/resource/agencia_estatal_de_meteorología>,2
1170,<http://dbpedia.org/resource/catalonia>,2
1171,<http://dbpedia.org/resource/xavier_trias>,2
1172,<http://dbpedia.org/resource/convergence_and_union>,2
1173,<http://dbpedia.org/resource/municipalities_of_spain>,2
1174,<http://dbpedia.org/resource/languages_of_spain>,2
1175,<http://dbpedia.org/resource/montjuïc>,2
1176,<http://dbpedia.org/resource/districts_of_barcelona>,2
1177,<http://dbpedia.org/resource/ovid>,4
1178,<http://dbpedia.org/resource/ars_amatoria>,2
1179,<http://dbpedia.org/resource/constanța>,2
1180,<http://dbpedia.org/resource/roman_empire>,2
1181,<http://dbpedia.org/resource/romania>,2
1182,<http://dbpedia.org/resource/charles_baudelaire>,4
1183,<http://dbpedia.org/resource/dante_alighieri>,4
1184,<http://dbpedia.org/resource/apuleius>,4
1185,<http://dbpedia.org/resource/marcus_porcius_latro>,2
1186,<http://dbpedia.org/resource/cicero>,2
1187,<http://dbpedia.org/resource/homer>,2
1188,<http://dbpedia.org/resource/virgil>,2
1189,<http://dbpedia.org/resource/propertius>,2
1190,<http://dbpedia.org/resource/catullus>,2
1191,<http://dbpedia.org/resource/john_milton>,4
1192,<http://dbpedia.org/resource/geoffrey_chaucer>,4
1193,<http://dbpedia.org/resource/gualterus_anglicus>,4
1194,<http://dbpedia.org/resource/william_shakespeare>,4
1195,<http://dbpedia.org/resource/petrarch>,4
1196,<http://dbpedia.org/resource/percy_bysshe_shelley>,4
1197,<http://dbpedia.org/resource/giovanni_boccaccio>,4
1198,<http://dbpedia.org/resource/christopher_marlowe>,4
1199,<http://dbpedia.org/resource/renaissance_art>,4
1200,<http://dbpedia.org/resource/george_chapman>,7
1201,<http://dbpedia.org/resource/eugène_delacroix>,4
1202,<http://dbpedia.org/resource/bob_dylan>,4
1203,<http://dbpedia.org/resource/aculifera>,4
1204,<http://dbpedia.org/resource/silvio_berlusconi>,20
1205,<http://dbpedia.org/resource/roger_federer>,6
1206,<http://dbpedia.org/resource/olivier_theyskens>,2
1207,"<http://dbpedia.org/resource/""the_take_over,_the_breaks_over"">",4
1208,<http://dbpedia.org/ontology/work>,4
1209,<http://www.w3.org/1999/02/22-rdf-syntax-ns#type>,3
1210,<http://dbpedia.org/resource/gütersloh>,1
1211,<http://dbpedia.org/class/yago/company108058098>,1
1212,<http://dbpedia.org/ontology/populationurban>,1
1213,<http://dbpedia.org/resource/category:national_basketball_association_teams>,6
1214,<http://dbpedia.org/resource/oil>,1
1215,<http://dbpedia.org/resource/boeing>,25
1216,<http://dbpedia.org/resource/boeing_747>,32
1217,<http://dbpedia.org/resource/quadjets>,1
1218,<http://dbpedia.org/resource/moon>,1
1219,<http://dbpedia.org/resource/1969>,1
1220,<http://dbpedia.org/resource/leitungswasser>,1
1221,<http://dbpedia.org/resource/water>,1
1222,<http://www.w3.org/2006/03/wn/wn20/instances/synset-airline-noun-2>,2
1223,<boeing>,2
1224,<http://purl.org/dc/terms/concept>,1
1225,<http://dbpedia.org/resource/category>,7
1226,<http://dbpedia.org/resource/category:the_simpsons_(season_14)_episodes>,3
1227,<http://en.wikipedia.org/wiki/boeing_747>,3
1228,<http://dbpedia.org/page/boeing_747>,11
1229,<http://wikidata.dbpedia.org/resource/q6616933>,2
1230,"<""http://dbpedia.org/page/boeing_747"">",1
1231,<http://wikidata.dbpedia.org/resource/q66>,2
1232,<http://wikidata.dbpedia.org/resource/q179>,4
1233,<http://dbpedia.org/resource/jane_austen>,9
1234,<http://viaf.org/authorityscheme/lc>,4
1235,<http://dbpedia.org/resource/category:boeing_aircraft>,2
